{"cameraMode":{"drawMode":0,"name":"Shaded","section":"Shading Mode"},"sceneLighting":true,"audioPlay":false,"sceneViewState":{"showFog":true,"showMaterialUpdate":true,"showSkybox":true,"showFlares":true,"showImageEffects":true,"showParticleSystems":true},"in2DMode":false,"pivot":{"x":8.710000038146973,"y":2.637500047683716,"z":0.27784252166748049},"rotation":{"x":0.2891097366809845,"y":0.5305970907211304,"z":-0.19880999624729157,"w":0.7715937495231628},"size":167.7944793701172,"orthographic":true}