{"cameraMode":{"drawMode":0,"name":"Shaded","section":"Shading Mode"},"sceneLighting":false,"audioPlay":false,"sceneViewState":{"showFog":true,"showMaterialUpdate":true,"showSkybox":true,"showFlares":true,"showImageEffects":true,"showParticleSystems":true},"in2DMode":false,"pivot":{"x":19.79606056213379,"y":2.059999942779541,"z":-2.5},"rotation":{"x":0.023225300014019014,"y":-0.7098948359489441,"z":0.023434916511178018,"w":0.7035345435142517},"size":4.793495178222656,"orthographic":true}