{"cameraMode":{"drawMode":0,"name":"Shaded","section":"Shading Mode"},"sceneLighting":false,"audioPlay":false,"sceneViewState":{"showFog":true,"showMaterialUpdate":true,"showSkybox":true,"showFlares":true,"showImageEffects":true,"showParticleSystems":true},"in2DMode":false,"pivot":{"x":9.12716007232666,"y":2.3434696197509767,"z":1.5795177221298218},"rotation":{"x":-0.8291971683502197,"y":-0.08595984429121018,"z":0.13296492397785188,"w":-0.5360628962516785},"size":1.8155348300933838,"orthographic":false}