{"cameraMode":{"drawMode":0,"name":"Shaded","section":"Shading Mode"},"sceneLighting":false,"audioPlay":false,"sceneViewState":{"showFog":true,"showMaterialUpdate":true,"showSkybox":true,"showFlares":true,"showImageEffects":true,"showParticleSystems":true},"in2DMode":false,"pivot":{"x":9.369438171386719,"y":2.1063895225524904,"z":0.5715374946594238},"rotation":{"x":-0.8291971683502197,"y":-0.08595984429121018,"z":0.13296492397785188,"w":-0.5360628962516785},"size":2.8337581157684328,"orthographic":false}